{"id":"77373ef6-f6a8-11eb-a670-22446ad135b2","name":"Approve Vacation DMN","key":"approveVacationDMN","description":null,"editorJson":{"id":"77373ef6-f6a8-11eb-a670-22446ad135b2","modelVersion":"3","name":"Approve Vacation DM","key":"approveVacationDMN","description":"","forceDMN11":false,"hitIndicator":"FIRST","inputExpressions":[{"id":"4","variableId":"numberOfDays","variableType":null,"type":"number","label":"Number Of Days","entries":[],"newVariable":false,"complexExpression":false}],"outputExpressions":[{"id":"5","variableId":"requireLineManagerApproval","variableType":null,"type":"boolean","label":"Require Line Manager's approval","entries":[],"newVariable":false,"complexExpression":false}],"rules":[{"5":"false","4_expression":3,"4_operator":"<="},{"5":"true","4_operator":">","4_expression":3}]}}