{"id":"ede16e6e-f6a6-11eb-a670-22446ad135b2","name":"Approve Vacation Form","key":"approveVacationForm","description":"","editorJson":{"name":"Approve Vacation Form","key":"approveVacationForm","version":0,"fields":[{"fieldType":"ExpressionFormField","id":"label","name":"Label","type":"expression","value":null,"required":false,"readOnly":false,"overrideId":false,"placeholder":null,"layout":null,"expression":"FROM DATE: ${from}"},{"fieldType":"ExpressionFormField","id":"label","name":"Label","type":"expression","value":null,"required":false,"readOnly":false,"overrideId":false,"placeholder":null,"layout":null,"expression":"TO DATE: ${to}"},{"fieldType":"ExpressionFormField","id":"label","name":"Label","type":"expression","value":null,"required":false,"readOnly":false,"overrideId":false,"placeholder":null,"layout":null,"expression":"NOTES: ${notes}"},{"fieldType":"FormField","id":"comments","name":"Comments","type":"multi-line-text","value":null,"required":false,"readOnly":false,"overrideId":false,"placeholder":null,"layout":null}],"outcomes":[{"id":null,"name":"Approve"},{"id":null,"name":"Reject"}]}}