{"id":"eddf4b8c-f6a6-11eb-a670-22446ad135b2","name":"Request Vacation Form","key":"request-vacation-form","description":"","editorJson":{"name":"Request Vacation Form","key":"request-vacation-form","version":0,"fields":[{"fieldType":"FormField","id":"from","name":"From","type":"date","value":null,"required":true,"readOnly":false,"overrideId":false,"placeholder":null,"layout":null},{"fieldType":"FormField","id":"to","name":"To","type":"date","value":null,"required":true,"readOnly":false,"overrideId":false,"placeholder":null,"layout":null},{"fieldType":"FormField","id":"notes","name":"Notes","type":"multi-line-text","value":null,"required":false,"readOnly":false,"overrideId":false,"placeholder":null,"layout":null},{"fieldType":"ExpressionFormField","id":"label","name":"Label","type":"expression","value":null,"required":false,"readOnly":false,"overrideId":false,"placeholder":null,"layout":null,"expression":"Comments from the manager:\n${comments}"}],"outcomes":[{"id":null,"name":"Send for approval"}]}}