{"id":"ede0ab1d-f6a6-11eb-a670-22446ad135b2","name":"Review vacation request","key":"reviewVacationRequest","description":"","editorJson":{"name":"Review vacation request","key":"reviewVacationRequest","version":0,"fields":[{"fieldType":"ExpressionFormField","id":"label","name":"Label","type":"expression","value":null,"required":false,"readOnly":false,"overrideId":false,"placeholder":null,"layout":null,"expression":"FROM: ${from}"},{"fieldType":"ExpressionFormField","id":"label","name":"Label","type":"expression","value":null,"required":false,"readOnly":false,"overrideId":false,"placeholder":null,"layout":null,"expression":"TO: ${to}"},{"fieldType":"ExpressionFormField","id":"label","name":"Label","type":"expression","value":null,"required":false,"readOnly":false,"overrideId":false,"placeholder":null,"layout":null,"expression":"NOTES: ${notes}"},{"fieldType":"ExpressionFormField","id":"label","name":"Label","type":"expression","value":null,"required":false,"readOnly":false,"overrideId":false,"placeholder":null,"layout":null,"expression":"COMMENTS: ${comments}"}],"outcomes":[]}}